№,Название,Ссылка,Подписчики,Публикация
1,Avtoomsk Japan55 /Авто из Японии,https://vk.com/club224538855?search_track_code=897ec27bn0cgIG1zTO6RBl-Ryf5bL5sjCWii11kSbaQQRZw7AGP3tKn59cXZRgFZJ5Pa6VIcmzA-frXpTANqjgdErDkZZMCouf_cy99MBipI35q4DnbHfG4u8rBGEHeQEkX2,9394,
2,AUTOHYPE - ПРИГОН АВТО ИЗ КОРЕИ И КИТАЯ,https://vk.com/club231039283?search_track_code=ff141828UfXL3QslVqEawYGtJnlzLEyT9_McNUigrhdZxGf9keo5Iw8W55vJdbrO-a81bnofTIDA5QsLXbGpPU7FV_-I7Q4_HxDOlc9_nL2W43U-I3AQzZq4SlJXorQjW8QN,2751,
3,Авто из Китая и Ю.Кореи,https://vk.com/club229660082?search_track_code=ff0601d3B_w0fHZL3H8wPvTUzpprC7hWgWhR-O4qLeBzgi3e4ClvKvC3mvVDq5AxjNbdjWI4uEW2fkbG-zsqymSDHdz5Llg24LGz-0Wh7ELjmp3cM1HhAe4jBp_xKDfUcYJH,29,
4,Авто из Японии /Кызыл/Красноярск/,https://vk.com/club221700506?search_track_code=51f4da1a4h1VRsIETl-jImx9gXNKpCl7wmOAjy7PzqZtgjxyfDeK7tyfWrLb9zN9FH-SZEOXKWj1dZexO97JjHqDDHBlML3yzJlzvN39QQ57M9I1Gv92LKgg0-gxzdSSb4JW,1790,
5,"AUTOPRIME RT - Авто из Южной Кореи, Японии,Китая",https://vk.com/clubautopraim?search_track_code=4e9b9ef3yDgAUnrjxt_Owrp_AOWLVpw4AwHllxfzKYVTN5PL2bagy4mL4lVTd16dwn0T8oJlnCs0F_KpAuIur0Q2o8nAsZfXmY3LW1V9PO6tMVOj0grFbW5KtPAI8TOxUTf5,2347,
6,Авто из Японии Кореи Китая в Туле под ЗАКАЗ,https://vk.com/club208512229?search_track_code=4f9740b3T65kB7_GYbKFJfx8Ww1ahwx2bA_YWX25uE5tHWZ7nzQnXe3eJ3D0GhV6hH5IGlO0DGVbGc9naKi_ZHocVnmGMxBB_dgOfvIQdAnrMghJA95SIwFOhD5iu6J6bx0M,2960,
7,FROM JAPAN WITH LOVE Автомобили из Японии,https://vk.com/club225568189?search_track_code=3f6feb93NLrerrH5TK-bG_w9Q_9QIG6C9OgRwjewQ-U9sO99hC1cSVd3KU_ZBwtEhD9Q6FkTbpHD_gb8IqFEzyqx33-dKmtVR3EAQd8NlzbhVA-5A3k005OqTJpDvkrIMafyDQ,3799,
8,AUTOHYPE - ПРИГОН АВТО ИЗ КОРЕИ И КИТАЯ,https://vk.com/club231039283?search_track_code=28d829005sb68dg11gHvV0OEBOIDcPUIJgDuIqA8i4gHF4MTpbaOd10dErE60wQaO4YX9QpD9RsRFvkctS2MohAWsxG8sblrTRs7vzzZXWlUylelUyypVktLuEW_PpG8BRfp,2751,
9,Авто из Южной Кореи,https://vk.com/club226494936?search_track_code=22c6df17aZvlHmUAG54L1ymO-JoYFfo0lhafS9e8TyozXNPhvAYBTSHVib6ESqvYUYzrjREm-iehAIh1wq1IACRd4-OlATZRMdOgsIJAMao057TcS0-hav1cyRyjskYHP0vOkQ,586,
10,Авто из Японии Кореи Китая в Туле под ЗАКАЗ,https://vk.com/club208512229?search_track_code=98e0902eZ56DbVNJSCqjGefJXOgG7YtaKfRLxOxeqgoCseKNqOwPSEemv_fX_gMWn8tP_w_ei0ke4lz6-U-tIBWw0o-x6zhUV6CW-dH0jGT6oBCuV7nRDES1HJyYUKMnDqb__Q,2960,
11,"AUTOPRIME RT - Авто из Южной Кореи, Японии,Китая",https://vk.com/clubautopraim?search_track_code=aa571dff3LcSkFheVyg5Ch-QKJ21n4tSze-lx61CC1ihzqwvZ3m0YdZbtODI_JkFZ5I7irysi0H6-bL5uFMMcrbPnC1-foN9xl2d7s72FXcC-WTb5svUA6Cu-JLZTAJ1rdmxXw,2347,
12,"ООО ""AUTO LOBBY"" АВТО  ИЗ ЯПОНИИ, КОРЕИ И КИТАЯ",https://vk.com/club227232520?search_track_code=1243057aNWcSDmFXZNikfPLpVEI2IzMet_L7S_d9nt0AkrEeDEtdlJvX-eHxcDQjiutHVT8QMw2A5Ox14myZ9xeTgRwVTGqIi9HQ7_d6jVHvgBgEZXhuStq0rBqDc5fwDIWsbg,697,
13,Авто из Японии Кореи Китая в Туле под ЗАКАЗ,https://vk.com/club208512229?search_track_code=4fe3a04c52D-dK3PqsuUQgxwMwjgwtLB6CurjQh7ZtZjEiQXpOCP0VmYZ0tGGX8PdHIgH-nx0tLfPbyzHWph_HQTFBW957jNSZ5ORUATFnwbPmBMuZuMlIVq9-oXeXziYRJO,2960,
14,Авто из Кореи,https://vk.com/club229170221?search_track_code=5ba5e81c4JHjUhNdRazPXdaKFpLjGrqsM5fp3o4sCdqXE-X9FVWIRyeZ_-PaeG9SrogFheopur8Egf7gmz0O8IAS1f8MUr9bN5_W7dxy0iDL41rUsE_k_FzWvo76IgD3mwT4jQ,31,
15,Авто из Японии,https://vk.com/club228394436?search_track_code=d949ca17CpFXUC4N6U0WBc9wADxXUi7RXMoypn7OciQxfvH1x11iYt6Jtrt85YZat3ITK15hLsJr3CWYa991DiZ_wffeWlV-zo-ftXrvJijSGUx6BAZyjzeNZPEKwHsJPWnshQ,18,
16,"Авто из Кореи, Китая, Японии, США, Европы и ОАЭ",https://vk.com/club225144177?search_track_code=d37d8c09nJIt1FHZtV2jEvR5COLjX0IyFJ8RYsrflm30TF_bO-_0YaQNyW8g9TNNjHsb9epsQiEjiQZc386RR-NNb9ki6MN9tAvgYSb_7D_pEESksAYcYX_dQzS-0Z9A-FtCqw,158,
17,Авто из Китая и Ю.Кореи,https://vk.com/club229660082?search_track_code=7324e897c7AV4_HUEz_ZS56xW_jKqXab8uK9ZO004PQ-wdjYHvAbAbIPO1D_7TIG5rNI78OadojF9Kpa-CXn3inA6NoH9ywdogkSXvnnV3WJ_wi-kvMvzJ2p6gPyNvrAPMGy,29,
18,"Manzhosov Авто из Японии, Китая, Кореи.",https://vk.com/club230462205?search_track_code=27a8e4c4eb0Nmockmgr_Pml4_56m0oNzjbJ-yoEiW2jhO5g3bqURToRDH5IPom9hEXrsia_hg2C6pGn0lDNcQvY6qDV3oiZSlEU2nAmoqhN0EbPY9I7YIuDzK571LFJF7SyFRw,122,
19,"ООО ""AUTO LOBBY"" АВТО  ИЗ ЯПОНИИ, КОРЕИ И КИТАЯ",https://vk.com/club227232520?search_track_code=afe76621Duy8QQV4LerXsJ61KWl_97jlc-9QB7KicMg7GjOZY2JmOniK6cayPne_5rc6fnbEuPZE-Uc5p7N34iwbA5t6ZVEmaIzAyLQ0p82D3GUvLKzlsR6pB1bGrHnlNw0u6Q,697,
20,АВТО ИЗ ЯПОНИИ,https://vk.com/club230662829?search_track_code=cf7d612clIH1awe2KvgGdrU0dExfsMmTmjTSbibBvYNPpUVmrNj8cnyynwC_UJYpzTZnW1aDyYCtIsVQM9C6qVikdWS138tubLS2DrlaYVuoXTgKDeyQwvd_hTZSz7SuQ7JYFg,31,
21,"AUTOPRIME RT - Авто из Южной Кореи, Японии,Китая",https://vk.com/clubautopraim?search_track_code=2f6cce52_jTfjQmJ5yw7A3LQJhQN72Y7fBfuLW51cqc4nH1lIV2WhXhhww0L_tBOCtI1AwTcZihLAfkTe2R1jS-dTWc4WqGZaGfqAw30ZDxvuWpSXrs5ahFWs3gae3uKNItgFQ,2347,
22,Авто из КОРЕИ/КИТАЯ/КАЗАЗСТАНА/ОАЭ,https://vk.com/club226174934?search_track_code=96a2b7c3cmvvj3wM7OoiTbQAXy0Zii-YJ_Ko6xIit39lkg1VxhkavStEkLJzPoJCzAJMOhC5L4sQ5L_VBzOwVXKTPVffHi2hO0K5vHU0czCpaRNrStBxyEy4_r5mLL5SaYUQJQ,5922,
23,Авто заказ из Японии! Диски из Японии!,https://vk.com/clubmadeinjapan?search_track_code=a325f0c5R3lnDQdfGCWg0OCYpcklOLrdupj2f18CrLZB9hm_GCIviu7Un-mNjTCPmJq23iwLus6NjuFBShOrnFb3Kb0BJRiW_tK254uH0P398emPdmHtjtDapSorDKWbTeEEzw,368,
24,"ООО ""AUTO LOBBY"" АВТО  ИЗ ЯПОНИИ, КОРЕИ И КИТАЯ",https://vk.com/club227232520?search_track_code=afb58ebczWUGGb1VZ2Z8G1q-X1FbBSKlf7zRIGRk4yWMq6P5nyWl1KH1d9GLtJdWIrxMRlI2IrZIqsYecXXkD5uqk_uGIpLIsfNe342-NCRH1xMXCF5_8RL6hnEQauoIgLy-iQ,697,
26,"Manzhosov Авто из Японии, Китая, Кореи.",https://vk.com/club230462205?search_track_code=7d54178fU50gl1k-TD55EgXnZUj03I4zqugXLH30qwOpdYiAlAY7LId7k7qg7JJffeV2X_3vjiCd_gASaOWsKb50uIKNAQwwl326tKbmTi0YjikOpoDVYsepQngJ-qIupWKV8A,122,
25,JapanRazbor777 - Audi из Японии,https://vk.com/club212585315?search_track_code=a1b9bf0a9A8izCXluipTibvtFbLca8nBxFJfiFoa9Xh2l5-2lrCc_KsVvVMvgsPWw-8GpdVYydLzREi2TwvyUmGWr7SPt6vguxOUXSmIXaemhFn0jDWTnq4SC9wuFPxVeoCCxg,1944,
27,"Manzhosov Авто из Японии, Китая, Кореи.",https://vk.com/club230462205?search_track_code=4b034871-puKhfUFgUoTkgBBgRKPl7Aymb7lbl9x82jLtq7za6WSTU5OGbsenrOdeEOSBYaksCGuqPJQSmD0Qty3nvFyoqVRXkgwtRiUKewdKM1U3cvrY_T_sDorf_pFx6Gzgw,122,
28,"КАРАВАН МАШИН | Авто из Японии, Китая  и Кореи.",https://vk.com/clubkaravanmachin?search_track_code=4bfb4f5eowGYP-4mQMd9VZYlF6TKJkiRhtTJnVj0H-hlcYD1hkzL11z0ApjfE91a7icEs8MVSIKxwt6jTeUYwnJwsPefS_zLTPIrltkZUiuLTFvimXwexeyUn8ss-hbFaWadhQ,322,
29,Алексей Экспресс Авто/Заказ авто из Китая!,https://vk.com/club228880155?search_track_code=67b300ae-2YJ3-OROLyW-zSI3pAqfTr60KI1fj6Q1IHVHu5_py6T164zKRXUbn22TIrNhyNOOunntCJAK4HTq8If3n2-KaTLvjUAG9JktsQp4ZLWeSltpb_gZSpKnt2s2QnzDw,786,
30,Авто из Японии по сладкой цене,https://vk.com/club231836622?search_track_code=b764a319AYrGQo3Q4AN-tB0q6CSQOkkvxRNO7_ztsT3xaxbVkXRpeU-bFWZ1q-7rZSj7M5kJSTzyBVnR6fy2F-ZqJteIc15lX508aHOhe5oAQ6Riwmcee6xWGbyI47gQ_XwLpQ,17,
31,"Заказ авто из Японии,Кореи и Китая",https://vk.com/club231479285?search_track_code=8c8e77e5nPmE6tK5InntVqGQsgADeUzN-txg9QHjQ1VG1TqSmFv0L0AhPge9rU1Z2ZKhFwpKTN7NynfLFPJEf1HUCpCBXMMzUCcXCbun-ii8-f5GUSQXnZydPaF17Up4SsIn4g,109,
32,Авто из КОРЕИ/КИТАЯ/КАЗАЗСТАНА/ОАЭ,https://vk.com/club226174934?search_track_code=f8d1ee3cO4f_8nIDNUcOthg47hDI_rFPwp3shVFmQyolptasLhRTNlgeuIfZleX7YDr9B8HNsVz1i_u7RHdEADKn5q43E2QqSBiRid-fG4kFUaJWm6TvH6nXutAlaEoHKbHL3A,5922,
33,"BUZINAVTO | Авто из Японии, Кореи и Китая",https://vk.com/club232094758?search_track_code=4b89469cmLuDnb9vjSzG89NK0hB9kzxX0Qc_J2DEc_xcSY35rWzwSApEJ9kYhFasq0jBB3SgPETmESgZddV01ktIvfu0a8dUGkIO1x6O4N3OI55WL81jCbpDb34UynrRUF6QiQ,105,
34,УРАЛАВТОПРО/ АВТО ИЗ КИТАЯ,https://vk.com/cluburalavto?search_track_code=e330606cITL5GbSJCqBJSBPeM_2Z0RQKOUBfd4KpBh3dxA88g7NJg171fg3mcqIFa9wg6pDiFBkOVkhJl7gBN8rFPz6atH6fTvNXA-B4Q3cOtH-9y45MVV4GDRCdqxwp38Rl,2111,
35,"Авто из Кореи, Китая, Японии, США, Европы и ОАЭ",https://vk.com/club225144177?search_track_code=fb240a5e4iSlcYYz31L3ZzX8yS0bB_cnJ18t9tvwUqCCRguicZaKlQKdTLczgBwqTf7aOhI09zQQSTrIzuFVipVHO6Bokb2JEptluTWKg1solYVrSF6pdEwdf6Cv_luNjlEW0g,158,
36,"Заказ авто из Японии,Кореи и Китая",https://vk.com/club231479285?search_track_code=504c4af3s4ywwXwNH1BZexN1pHZFK7fsIN1NbDPmPBUeuBIh9ODbfzkY5LuK-Mkka3e3YUwYt_8Xy1pSJvc7Pwm5IiPt5-xjKR7NtYzyYlUOHOgwF3bsvEacEDhH6DU4Eq8PUQ,109,
37,Автомобили и мотоциклы  из Японии. Псков,https://vk.com/club230061105?search_track_code=bc225e54t8KfXvGuo9GSpVk9NRozPGpKs2cZLNBBL2FJqAtsWojfMRaHaRg2eQL6IT8mDToPalmEcQ4SxVAoS16pO25Dj-gtBoFAFjBzootEVHlcYWA1G90lTHikTyZMRb8WHA,132,
38,"Авто из Кореи, Китая, Японии, США, Европы и ОАЭ",https://vk.com/club225144177?search_track_code=a56145584Gm9-iKczfTIprciC6bm3rxFcVCewPYmWAuztRPcg7-Iv3kxziJSIGipzyAYse_tvFZGRon-4zdfIaS0I96auL-jaTfnLFQqo9iqS0fgtYfiFhoSzJaCKFEmv6IOrA,158,
39,"Заказ авто из Японии,Кореи и Китая",https://vk.com/club231479285?search_track_code=d6b571a1WP1RA9eJ28l3nvyk0fMot84XsFbkkJ5a_cejzBHWFQAwTPbvHQ03G5zThKbC5CGEzgSHQPOui0v67bTNIdQMBwdQ5uk0AzEREqLhzZ21euqVR9YXucTqVPTqr9sMpg,109,
40,Авто из Южной Кореи | Захар Бондаренко,https://vk.com/club232107457?search_track_code=2b6ab377LPzu15-j-Is935oq6vnQspe0Y1IHCRs81JoxJogpVEhEKioccx1nX53Q4ij57tmBl6dURBA3Di3TsCYnuCtNT3M2OhpaE2FVWKGHQ6a_guzJ4wsVV19vMt23PTGVWQ,92,
41,Автомобили под заказ из Южной Кореи,https://vk.com/club229339322?search_track_code=7f37cf88i_F6U27VntclFKngWmFv0u7rvczuNXWrBeYTVpwzOOnjJ76YgmsBA4Ub0eJJdmbh7viK2vkLYLoCzARXrDEh7tQ7rp6rZQcJcmq0iRYnPIeyv9uMuWYBpQzLH0GBQw,12728,
42,"Продажа авто из Японии, Кореи и Китая",https://vk.com/club229865414?search_track_code=ef4b0f38qfX-6cNR0kcgMEA8LZCRimCKMXauRJ5X9h9dgJ48qFrBIzoiL-9Nk4A_OD4-h5i5YJkGYLl6i0bxNUqBrj6xXfY_KiQG4UuZbE5dVWHWwt8321sx-hHqWf8yUZeDTA,192,
43,SLI AUTO Заказ авто из Кореи и Китая,https://vk.com/club228665357?search_track_code=889ed9d1LddygPaYRFN5NPX7429d2GnTGxMSSfpmci7r1d4RQGNFZtVsPByogZJ5jfnweFTracAsBQV373d1BPzU7hNZZHJ6xWoVEq6LJgjokq8pDowwgnFTQh-OaHsD58LDYQ,185,
44,SLI AUTO Заказ авто из Кореи и Китая,https://vk.com/club228665357?search_track_code=a0af825ah0Ahrj1flP9FTmoKHPbdyIefWZCcVo8NCQZuYR6fAL7vluVl0eELK-VBEggP4dT7h4xuhotomhwOLHlgLp0ZudiK9WP47w0hDjB3Y1CwjpzezjPQzAD7AwArYnYD7w,185,
45,АвтоАукционы124 - Автомобили из Японии,https://vk.com/club230273058?search_track_code=1b3b4496hnPy445iwkFp4aA5dcjMhkUdXK7bpNfIkS2XUu9LyZvugHs6FtRX6fm-2Dtm38W1RQ5ruMyawtmWB4BT30nQnNmcazw_2lHjMM-9UDmOntoYTTDti_2jxpgAm0XyOw,124,
46,Автомобили из Японии,https://vk.com/club228496934?search_track_code=0b4b2651rs_88SZ97nWKKG8IzyjNaI9s6_52cEGgxY6aulpQVhLGPHUovst73Rp3FwrcP8Rbj3_c6GFOVLHCpI27alJPFfEgZS6XxX3X3AZyYYNunjzUMoK0ICU1rsyjlq1HIA,49,
47,Авто разбор из Японии в Алматы,https://vk.com/club72529259?search_track_code=d91b4195UMCvGXa4Hdni7Uj9g5j0a9sxdbsPAnlLlyXOrlWjHIs4MybA7g6IcXKyMP-Qj_1Y2yJCrRg8bFqQD9mvZaEFjA8vNsbHAI57scNVl8_bpzKGbxj9U2VmSY0RzK4_,1243,
48,"Продажа авто из Японии, Кореи и Китая",https://vk.com/club229865414?search_track_code=2bfc7b30DRn3qoAMnAkWzrPJXwxigAGXbc24EgoaGdw0txuSpmBl6n5zGLoJoYaRy8tMG2uzAYRa268sHwse9iO2K5C_Z1L2bnUxtA-reeCuoBNKMdVWxgeK7Ed-FBDxOKAG4g,192,
50,"Авто из Южной Кореи, Японии и Китая. Нихон Трейд",https://vk.com/club229070111?search_track_code=ef1d8e93tV2y8QlNLe3lUkX6dM9p6Mr3OjLoaQtfocw-J4izaB3drjsokfu4RXUNPfhn2GDbyuQNJP9XHk6m5ikmuLFxGuqyKy649b5PgXxYkziJOr2Vp1VwvDl_UajhMjCVww,16,
51,"КАРАВАН МАШИН | Авто из Японии, Китая  и Кореи.",https://vk.com/clubkaravanmachin?search_track_code=85da1797t7QXW_L2DA1eqwVSAtqkc45dk5Y9eei3Owl2YjnJam3fR56CakCZpc70fVARza1Ajk6kgCpH_aY8I2FjCctzauhbjoRDTp-vK4UYO06c9ynYCfnWay-cuTIkenUkuQ,322,
49,"Продажа авто из Японии, Кореи и Китая",https://vk.com/club229865414?search_track_code=14e9c2cfam_2O8OJBt8pO_fqEeJ-0TI_MP1lVN9VQxknAZvPF0gC3lHXCQ3qDcJ2j-gC9XfiMiwH63JqykREMzAAq80OTzXCQdEgA-wHawfqg12kLYRlblq6MQGrW0o0KxaGvw,192,
52,"КАРАВАН МАШИН | Авто из Японии, Китая  и Кореи.",https://vk.com/clubkaravanmachin?search_track_code=3f51d691UQWK_m0NpjtsncbZF0_SsSwyy05374-F6uIjTCUHG7g5tC0Sp4lK6YfQvtsEWNuCLCH8WGDRmpTtyDRNFQUCvw6oPRSOh0zjL6HbsFsJget6ZqEOIbn7i-PPL1s4dw,322,
53,Доставка авто из Кореи и Китая до Татарстана,https://vk.com/club229408048?search_track_code=9e3b8d56DvOCskoMvppmywThqOOF7Nx0dWygzzHsSw92kbltDhhmJUZ5prIhTsbEfOO79Izf3GdCerfxJP1MJWGQiW8XH1E5Vn-PvCdESLQZiOSl1rmHIxIv8ZZF4kIieoakHQ,59,
54,Автомобили из Кореи/ VSETUT Drive,https://vk.com/club231952126?search_track_code=2fe2f2b9F4PL1Or82OpuvxaMa5VaBEXAsYzBfOATkd2QxhPbMsl_VQ8fBkJHPs6wbo54glM3RdOGmtZC9QKW94fHI9krzkhJHxkvTEE0csAL5SfTCFkTktzOliuUHZjwnNEOqw,38,
55,АВТОLIFE авто с аукционов Японии,https://vk.com/club211340363?search_track_code=6ed32da73EWZ6dXfcbfA1JT3Feka6d_fR0KLjDfWjW0OAbylGpe0thAwTWnkH1CL7PUG_hPa38xwVJyyIseKRxkAjKcDkIOqADZkZ-IV7_uJnlmvSrSDjCgC2N5D2IRAAhah1Q,941,
56,Авто из Кореи Японии и США без посредников!,https://vk.com/club230456060?search_track_code=f6807ec1D-aLhjNqy42qUy5XQdTA532p0YuRL05t9foXmQ54pdJnFQJfq9xeJToMVlVSw8nUfbrmnYYRW3zy0ACYPnq81VAJElmC0lgvhnwzPg2Skrsm-7jIwn46Y_zXG44TCA,17,
57,"Авто из Кореи, Японии, Европы и США",https://vk.com/club229244619?search_track_code=bac25ce6u6afVTj-NPaIyhGiuSM4q_gmXdTtKcAoOcObOkRLZxrTVRaMoEihXhiVaaCqNDGY-DVqwvoX1Tk-6Yw7dEl-HeRJBoqJRqdUo-UMy_Vla_6ldTaRuXG0JjDuly1ZOw,50,
58,Продажа автомобилей из Китая,https://vk.com/club220896058?search_track_code=77374165ZWeWzUpu3bl7BYgsaubgQlWXTgg9rQBTyaOZG5z_OYcN1jEhgOoxa5BI8C558elxVYR5HiqTFULOiY4arP0ggDrKISep5DdhbDmVRSagsx4CySdLbfR0XcCOlQyBjw,2969,
59,"BUZINAVTO | Авто из Японии, Кореи и Китая",https://vk.com/club232094758?search_track_code=1a06f3d7W68bBGj3gHmqB-vQSPSm4jgwD7SE3SVBsIsmORqDXGIzed_PhEkfrQoIk9Jb46_ROCM4opPjMFC3oTE4KoFFZQRlz8mtRxmnq3j2uQSy9LxnbmTw1IRRT7mmKi4H8w,105,
60,Авто из Кореи Японии и США без посредников!,https://vk.com/club230456060?search_track_code=fb17a723Ws0cT9c0fg_rrVnuHZnCcTbqg47z5_a4X7HWm9RJ42IyG9iEO4rh20uiIewOjstCNvm0mOTZ46lYm8Ga5Ev6ZQUHyIIShOfRkdJEh1HfkC1tuOrNoLaCtlac2ozJOQ,17,
61,диски для авто из японии в Москве,https://vk.com/club155086434?search_track_code=c45f60aeycm8iAo9GszmkWTBU-AIOW55NGjgrXvNmraVy8wvUvmhOjVRkouPZHbOHMNA9wEKbmoDfveTbtydnILK_C1L_pYmJVe7hYluw755qB-lXGAxJl0vtvgPw5ObmdzRXw,1330,
62,DalTrial - Авто из Японии под Заказ,https://vk.com/club228094793?search_track_code=cd70b243fNKdAZi6IkCiFyT4PxyJA8eZj2Ej0Mw3vzvhgkxOBUIUIRTYAAy36DJIXPosC4Awx4q4dzTu2Sa4EfaDfEwcRSM9BN4pArHinzg5kXNa2leYx-Qlf4K4ObYW7ZVRPg,19,
63,AutoMax55 Авто из Японии под заказ,https://vk.com/club231331874?search_track_code=f44e1ae9DxB1nu1E_eIxavOxnx21mfa_xycOK9sFnopYwIGq385n4_xHdfJoSqE1i7OMCryq9qzwMRkVzhSZoE_BsajGyVD_7EFc_G5ACEXu2NNb58Sq66lsXH6vC5enVNec2g,259,
64,Доставка из Китая в Россию и страны СНГ,https://vk.com/club212097240?search_track_code=b52c58f5eydvtfWLxgr5YRqQrMcYrNswB-uBNTcLrg9eEOHsaxMTlshZPw8q2BIsYpK_0BGf2yMw_ZYLIhqpJUkR0e5yFCSK2F8WASzSiFwH-eCBSPKEbm-q0GRDBaciUgf8nA,1208,
65,Murzik - контрактные запчасти из Японии,https://vk.com/club_murzik?search_track_code=e2ad003dzP-KFeuPQuxXoEfRFqLOHEBb4Nx0JteMobbRqjLyXWKkDAPMcznXRMf_P9MFtccvQEjXymMYwp2mnMarAvBEZZMQE8paN9FOYo9auFrnnEcbBYuWJXCjgqib3b0vgg,3529,
66,Авто из Японии и Кореи под заказ MDK_VLtrade,https://vk.com/club229364921?search_track_code=c4dde734rUbYdeoAsiFT4ZswOxItl7wzvR62B10_rRxz0ZvBiBrFtVGscrYnicO-4zIoBSSkvCCKCKE5SC6qNmTQq8ORHfKpQapbuCGDFc6GWXdUfsLgYtZU4VcpMaQxf8aGsQ,226,
67,Авто из Кореи,https://vk.com/club230746812?search_track_code=a848155dh8Cn9tgaLI72-4AVf5tglNsSQAKGp63N3CAtISNJ4ADvFmM9NKSzWlb0-BdsjGmn2wF3FJGZuNzbCjogE0v5B9gKczsdqrVQp4SdfDPdMsiDQSlJ0vTZw9UNITY-OQ,20,
68,"INCAR авто под заказ из Кореи, Китая, Японии",https://vk.com/club229080340?search_track_code=dec68e68KD6C1TrEhHGWhm31T6qPwmd5M-QO0NbL_FiLNXRqM0RA6EYe1nobpTaJFfdcvYbxZ2oE8hnuw9r7cpw0RGgqQ3f0Vhj_dB2v3_lwnAPs3Jc4JlykX4GixfV1hyJpGg,58,
69,"BUZINAVTO | Авто из Японии, Кореи и Китая",https://vk.com/club232094758?search_track_code=1c3325b9MtZvKK533r8yqEMBwzX3CB4v7jpa_LAk1xO37FUrKg5aZ8jEZPMybdnlOwPQIv47HjzZLE3CpTXQOaDtZSkzCW172MJN_TRnYZVeaI9zpVZBcYV-CqXEKt4-u_tIWw,105,
70,Доставка авто из Кореи и Китая до Татарстана,https://vk.com/club229408048?search_track_code=044e5b7b0bDNpK6dByFErMtX1S3zpytdN-hz2qiuInCAwOJxXHq5AWpIZBnr86_hs1XGOvqUK04A_mTkvb8lWpfB0nNFfY4dek5NF-35GJHWPplroPJwClCrIoPcoCtdjNf_AQ,59,
71,Авто из Китая,https://vk.com/club230294080?search_track_code=845d5f2bJ9Eevaz4cIO0SuFpsWeBRnwGgVvOq_3dxZomFRoCQdZPYLlRZnycUV8HmWuicIh1fBW2TdmV6MzCsDEUKgBY0Xh8qVdPcppb83f8AP0h0xohWOoYk_qJ08y3KgIHcg,17,
72,"ДжинАвто. Авто из Японии, Китая и Кореи.",https://vk.com/club206455093?search_track_code=25b2c3116Gh0KHIxVBZTj85bX8V_nX5zIBPnP12IKuwnlrLrmm-Am_3x6ofBvsPQtllM0naufmAXBfABSJktxjCXgumDaLeH7ffDice0PaDTMhODLsclIUpQu20phiPBK4Gvmw,94,
73,Авто из Южной Кореи,https://vk.com/club126711944?search_track_code=c2e12ae7z4T4oNo00P46j5_-KqjbZ49QzM-nMFoLlEZk6OshzSmnUjxrNopPKpqA5_w5v9JUj0P72bAOTxqTbHPp2yPULpBOLG0fhEkgCPeCl2btiD3XBqKF9mUuBZ1raP_2UQ,537,
74,"Авто из Южной Кореи, Японии и Китая. Нихон Трейд",https://vk.com/club229070111?search_track_code=17f0f7e6GhHbJ6oC-JUQJHEP7uxnfPo_a4uL8SQ9HVwR95H-I-9yxx_sRrxnQbArCQ39-25P-ixcnZzPMSwadgb2ofw66EXbD-pvsmFLO1xsZqKqNCmlbwTJ36FQMxRxHeCMjg,16,
75,Авто из Китая,https://vk.com/club227487920?search_track_code=97664145WDCN75GCEP4H2wlxD-hpxh7XbDeFYSx1bMWc2Ofo06kwgSoDWwb8LOyWcXMc_2D1HsRbIZJfOWRr74vZ1-rKrgedOgVyCPomTeYUGEOuOp1FiAR90jBYe2XokM_6mA,502,
76,AsiaCarTrust Авто из Кореи | Японии | Китая,https://vk.com/club214149975?search_track_code=cbda8466NlgC5dksy21agloiWWPJA0G3DffhIOWoY2g4W4ucMuteq4s8QZpexcrdIiBKdMAwQaQ64fYe8LlkQi9au54r7Gm3mzpolFjPKq1HSxUlmVsf5Gu9s3SRpmpFNEyW7A,158,
77,"Авто из Кореи, Китая, ОАЭ",https://vk.com/club197392645?search_track_code=603a8d30Klgotq1TXC_OYGg1RW2Cz-d4g8gFUCc5rGpQwQMzMpZCjux9Qe3D-25vEDdWeov852u03hJuMiirQEfAMzErkXWS_Hto48Xx7xh1XAko2pS7Ju6NVARTN6VHXNYeQw,19,
78,Авто из Южной Кореи,https://vk.com/club111493567?search_track_code=a07b6c90hKzflTi8aJ7n3IuDooPTH_8_tG3FB2q8Jj7GAQ1OHhTsehte1AL3SkfT84GxlNos_yyDe9I5f60hFNEAPUwHE9tmC1j9DPFA-6SW6u7Gg0KkYdgrllEesi8TyhYQPg,550,
79,Покупка авто из Японии / компания Car.Com,https://vk.com/club224575151?search_track_code=2358374aWCsgeiPfa1WHNI0exWR7iphLpWlaGV5_AhDE9RYC028w2Kmju2n-_Rdr9RzWc3K5mFiSf00nS24FOtP0JgDKaAfEuaWSZ_j3hxyQd4kiKNLCG88rCkkqcQs9yOILcg,332,
80,"Авто под заказ из Японии ,Кореи ,Китая",https://vk.com/club228169307?search_track_code=fdd90ff4QKd822I-85JMEY0JvE3AY8ppiW0N06hESWtmIWMrO1soVPUC-ohmOtxO9QuvWslQynq-exrtvVVOQXEgUykiXB9I5QTThmAwUTmQYPALkzeUOO8tWIXcSkBGajZ-Ww,12,
81,"Авто на заказ из Японии, Кореи, Китая.",https://vk.com/club230581804?search_track_code=7a577e1e55za4AZDwBAuLIgSgoykCT0uwWhcjr-OKVvju-eaqFGPb1M5nvVVuL5z8BCRm606PT32fkuwqp8ucfS615ixVrhzQz-3-1OyNwSVe87K9lVnca8jCdvLgCB276z66g,21,
82,"Авто из Кореи, Японии, Европы и США",https://vk.com/club229244619?search_track_code=ac0f69d7ZLg9vzTDlRTmZ4Cb9-tRmGVi53UOl0DtNmlGDKliKZEMbvl02H0KwEZo-Jnk_FirZXHQYxmpVfwxQ1ENmWAwljty6XLxcwzKmB-d8rutAs04MYwwWs804z9EShu0Eg,50,
83,"Автомобили из Кореи, Китая и Японии",https://vk.com/clubtvoeavtolux?search_track_code=7ad90802fIm22h27-wgCFE7vO1zkpSMSVi3JI8txzUkmNr_FFKgUX3IR8QVk3KIbNu0oS-2WIwFhO94d3mDKYzE3j8cNryNDYhfYC2LWf2xThncatvh7RjhonnK_f8RkKiGitQ,54,
84,Алексей Экспресс Авто/Заказ авто из Китая!,https://vk.com/club228880155?search_track_code=71173d59VwSSeNSxkGYHjdSqOt7D68ykmNp4uSlgpJFEYOPIops_9xuhTAcFzpfSrKgpycrYzLevzG-HPHGju1Nh08q7nAjrC6dlCQPEIaXJw3aYkL-b-_eYKO1dbq28SHf-uA,786,
85,AsiaCarTrust Авто из Кореи | Японии | Китая,https://vk.com/club214149975?search_track_code=f1ddec23VvdtOnrVx_rg6AU4CTjnvToxgCJEE7xKlJA3ebIxQj0-RsrWsFErKAulfToaL-6OOiK3NFMtqVuTuiB4gjNbOgla2tCZXy0i6NUYUUV-t-VkYuZoFkfIRJ29O26vQQ,158,
86,"Автомобили с аукционов Японии, Кореи, Китая.",https://vk.com/club230632337?search_track_code=22bff9abB-kPvQMejyp1uwD1DvIcC1-fzB63XLjf7LFXu56RWnJvP8t276AQ_tW0ePcd5RU4X4z7CKBirc7rm0C6rpNDdVgj23DGrhb0H8MdnEK0TlcGy6Fe4QrM0eWcW6yD4Q,41,
87,RAV4 |AUTO 22|Контрактные запчасти из Японии |,https://vk.com/club198106623?search_track_code=d401f19c3UCl6PlVN5NaN3Zpt6bvvDOCuWfuDj_1fls-Qew9DY21sywxYeOiO8poDmukseaPM5GOcfkwKuR5cSlA3D8UioKvPDdI7aQxFR9rAPvjt-ht1dAiuVxL-3d2MlbxTQ,61,
88,Товары для авто из Китая,https://vk.com/club177989390?search_track_code=ae43b659OgL9npo2_pG22XzXg6iiRI-Cdvhq_YnUp4MbR2_mvVBSs1pyULISQ12UBNWQv6t3j5FB7n3DnMWgqQxGX-SkV2WvSnR5vBRJzeNhvs_t9B_Z3RC4Nqz92q6uF1Bylg,744,
89,Bizupon - Авто из Японии,https://vk.com/club216945377?search_track_code=a2026867VcWjCLT2mfpsinHtEPtQD5bTX6zkxPwgM9DzgysFUWI9NirRLEAMUvzVCe8D7Fk8lsBouvP66TE0-uSCGwdIZQoqOtcFTgpYN6JshFy9AFXAgDXstpKILjr9_5Q2dQ,209,
90,"ZHENCAR - авто под заказ из Китая, Японии, Кореи",https://vk.com/club229329421?search_track_code=cf73e41fseWlX9nXv5E3oWcQveXpvxLNJhiJifzaayOL8Fdiph_ZVAKzE1NTQ9zsHxKu8uCMEt4RDp636ctsCZzxZ2C_GO5IErU6XVVJZpt6efGjuupOmEBf3tmI1GIOh-dKEg,11,
91,"Авто из Южной Кореи, Японии и Китая. Нихон Трейд",https://vk.com/club229070111?search_track_code=75d879cd1rnZG1rOLPONd0YIswxUzmyk7MmjcLPnM6O9YhA7gIu-CH73kErAIWY6PgqgG139bLfb37ROpvY0iapjIDmZjIkUbvG5RMYr1E1bYf9KB5sz9IOL9yDH6TqOsXUNSw,16,
92,Авто из Японии и Кореи под заказ MDK_VLtrade,https://vk.com/club229364921?search_track_code=6a3906fayHGTGyNWDQsvB2c13B5yp1klAsWIllJ7KHUBCXipxaugp1fQz-iS348IHzfPCXuUWTY105-oR2ovXxYISKvcrJe7R9bm5pTVYn96XJBYIfIFdGmP38YmdSFYDR5l2Q,226,
93,Авто под заказ из Китая Кореи Японии Грузии,https://vk.com/club186438252?search_track_code=f2c28ca6c189FnAE1ufT5r-xi6zQXM0N5pH4FLyouvF-cfH78Nkb7pr6uoA6NTirx7OYu9lvzR7Rh-8qqbm922lwwfnp3izyivyTjjw_iNyi2MfpiQaWWYHQqEfIprPccmbsiw,97,
94,AsiaCarTrust Авто из Кореи | Японии | Китая,https://vk.com/club214149975?search_track_code=549fd157eyiJkIsm066o18DzTaB8V6b0m7aTlw7P-yzqWpJktusT_k1bZ5hMegjYuPFet3VkpuesoISpG978Bv1bomav7CTiXV1Olkpw46_dmgHmLA_4p_38wcN6wfIB5k2PFA,158,
95,"Документы на авто из Японии, Абхазии, Армении",https://vk.com/club230439457?search_track_code=d95904eaGqKn1fTKlShy0w5xE9xquARX4Ze_SoFGGoKhlp86b-NyUS4MbHwAgOKMdnMAy2OLBETWgah0lFcdqLaXrzh25EVNPgpFcgaKJ_sTGF-aOORfA4fQ7xz1SBOvrYGCSg,45,
96,"Заказ авто из Японии, Кореи и Китая Japan Smile",https://vk.com/club229518487?search_track_code=86f8c602btqK_fUxIUjWAAxsevSsBCCiN7n8oaU8jkIeSqeuR1wGKQMkbYe04EZfdG5p46U3ILEAr-ufsC2JaAlLl6xeWzE1EyJEibLqhCgRBTay_1F69FD-offRModvEl263g,44,
97,Спецтехника и Авто|Япония|Корея|ОАЭ,https://vk.com/club215320828?search_track_code=de9e87be4V4LKehMyA96rTyBqopxw7rWmhBOYgQrtiTymXsmec2JrYLwcPpdp-ryRIO5nXjwusWtBllcETqxDuWYSyRgyr6xkvZZ9FutK4Uh6ObMIZrmg_VbGTtwJb8J_o5mVg,23,
98,Разборка японских авто. Оригинальные запчасти БУ,https://vk.com/club72276295?search_track_code=342c47529QdxekMa1Ql3xhMWkcef3r9aciKtgABWNrE3x0lBq6Kd9Pij26xAoeeZaxSC0Jbtv0lFNLq-FUcxmyDGeUOyparo6KXyokarEu4OfN2EzIDnCx9o_ecfVCyFNccj,1731,
99,"Заказ авто из Японии, Кореи и Китая Japan Smile",https://vk.com/club229518487?search_track_code=fa2b9e09IZ0qsaOyNTnm0HhTz_oQ1r3W4raJHhK0d9fJj4--OwBJS-56Twyq7UbfAFHc7RnlvcXVoJ4gB6Vw_d6Ov7wiB35X_nxmAqzn3KllOoO8Q4PngIXx1Ehmun76xZiSzg,44,
100,"Авто из Кореи, Китая, ОАЭ",https://vk.com/club197392645?search_track_code=9a0a2c505edKBryHBzFTcKWVaS8dJnVZ60R-We1LInF1Fa4JPM6NVu3qdgPr47g93Zd6OBQVdUrcUmln-FolW2IUngslybpK_exfDe3pFEq4_CVqRX0pB4YBLw2ZRStceQKzeQ,19,
101,Доставка авто из Китая. Кореи. Японии,https://vk.com/club224955890?search_track_code=73563e62Huau68Mm7ijcux6TgefhEazvrInd7fyE35Dqu6YzTsB2VwkHCaIC-jf2ZpGS8OgirPybn8rT6ZXYuv26ljFXx0FLGQEgrATwnIED-s2hskn6vcbCgbyIita95qy7Qw,12,
102,Тачка на импорт | Авто из Китая и Кореи,https://vk.com/club231091483?search_track_code=b08d4d95alpaROjPj7MGuFh0_KyPxUhVUWS0fBgFCuL1XZbQUt0C6_2oIktjYe31IHbvu4b2SEZmcqNCDRQNyOJcptJL2jX37a4LRWVrToJFHbDq3ZgXCz8j6S5sCwPP-UqLoA,13,
103,Мото и Авто запчасти из Китая,https://vk.com/clubmoto125?search_track_code=81769c76MFZ5mZQ1yTbTxtvTCjooXEhPeQ0Mp6DIsPKc_OcETedY5951XrEl5DiLo9EZLSFvSFxOGxuZtdm32Iv91wZU4G_7znN3vyPumfzGukZ8ewkVHBFIXvLUxrnfkOv6dA,36,
104,"KRK auto - Автомобили из Японии, Кореи и Китая",https://vk.com/club226831817?search_track_code=744ca48d9rppaJ7Z9P6QCC4Ld-J26SqGiOEKS_IUU_ZMODfIY26eSeCxBm9hVgBXVglk9X_aKpW_9x115wVU3Fs5B8p6aalV8LcvYWdc7CAzYjukJbN90uaqXh2GGlrbQC8quA,186,
105,"Автомобили на заказ из Японии и Кореи , Казань",https://vk.com/club200925629?search_track_code=402d9e23YJS3VEoKyDKk-aTJGlQLhMmNiBmnhMCQad3bNWnsV3IIZz6N0rxdmjSm3MsJQwK3yZ6_D7C61YFu98w0We5OdT97Lov7sluQ0NG5oFYSWtif2OJc8Ny0nmDw1yJ0nA,831,
106,"Автомобили с аукционов Японии, Кореи, Китая.",https://vk.com/club230632337?search_track_code=81190cefgkyokXMWkiYlC3PhrEapkJH65IVraQ5HDYJdlDXGXFvqvyFI66AHjrVUC-O_UaCjkenTk3xXG1YKqEqVBcRFXN2jMU7CrgGEVyNuiOAA-8zIronFPT96SQSvUYMotg,41,
107,Спецтехника и Авто|Япония|Корея|ОАЭ,https://vk.com/club215320828?search_track_code=447d197fJikJKaXn3Cq7Qb7ByHFxaiTrzpkFEVbWZ2xXraF1taxO_83iSVlD_htOxsPbZnhZJPj5jxIvQ8dgRkCskXesq3nj3eRgV0X0njijqIQ3ITN4vqHSUkgi2G5BW7q8BQ,23,
108,АВТО ИЗ КОРЕИ | FALCON GROUP,https://vk.com/club230041427?search_track_code=92bbca8019j4SqfTtjbp1TzBmHye2_Xgnqd3WKUzzlNCsknig1i_DjyBS20p4knaRMOLa5fo9fOpsWBmsCLJeVWzeeCaX4gSLIdiYy_ozawhqNQ6zIeqs_DgIA7RPcd-TqVUkg,21,
109,"Авто из Китая, Ю.Кореи, Германии, Дубай",https://vk.com/club215277196?search_track_code=4b856783MqisZfkm_-Pvq2n-CUW2JICtJ8hI7WP1Pcg5-jYVC0NafmiuFZhgN0-kEfwaUr8XgL4Q3l_TduQ64i77BhcSRG1ieKg8lmY9zdJ0l0UD5n3d_U-KFLoX-zTlNe0rZQ,84,
110,АВТОМОБИЛИ ИЗ КОРЕИ | DEEVCARS | МОСКВА,https://vk.com/clubdeevcars?search_track_code=7b17de02wYbLdGorPN9Em4jgAsnWPsulyPibNVfXol_Pv0fxZHOpUA-_hpWjC-SU8OIR3t8Ny7b_7owLQsalddi-d_N9dJ5MH7mvm6UBX-KViU6PhWuc9K67zW0j2atyw6hagQ,125,
111,"ДжинАвто. Авто из Японии, Китая и Кореи.",https://vk.com/club206455093?search_track_code=e8937114lVzu-2PP2A85-QYucM5ipqSvVD0D6sQCidBSsBvMpO_97UkXqUs03dK0fixj2WuVpLxjKxTU0ROO-kWxK8696MrxWRGARTLXB8MbRzyIM_z__T5-X7iwDID9XqcGvA,94,
112,"Автомобили под заказ Япония,Китай и Корея Белово",https://vk.com/club232125168?search_track_code=25ccf5c1nLaTgmAMY9RIY7pSwgYHcT8ddsxOkwVB2QBHiJNLeuH0YFdJjLL8AOhswlDREQ5CPw5B2lmtEFDeKlCJo0lj5sN8R0-lvPoKUBqnO45AVS9hSByOHcpxT9AtS5-OOw,41,
113,"Авто из Китая, Ю.Кореи, Германии, Дубай",https://vk.com/club215277196?search_track_code=9d44950deGyidjeiDzr-VXbPDlsHUkYYUiVwRnQC_2axb2_9MRcQ3QWa_Sbj6BUYDs0dTA5hRgtlM2d4YRP4TKZuX_8oECfBFZzUKOXi129rpkIdVwsbSDpnLBEADPZLvXhyjQ,84,
114,Авто из Кореи,https://vk.com/club227913062?search_track_code=c24a6ab6pN10NeTFU94GYWYzkcARXfOkzEthgJdpQuuZj-ZrCJXMC7D-CHvMCqZuHjGC1xhu87f7XXa-gnhFwY6O1mkRkvsXoPghdcoADhh7Wt2GQgal8qAIMtPjZ0vGlZj7Gw,187,
115,"Доставка авто из США, Китая, Кореи",https://vk.com/club227419068?search_track_code=7858e83cBn9Hfk4X5AhJCa4D71jF76qx7-speN0wG97KU7_UwPRuzuCShJMI2qJE1gH8T8zcqqLY_T5GyCEc9N1Sj9bZ81nS8JStnQ7QWTOzaqMelrTx54moeiGpPhLzxkSipA,544,
116,LUXAUTO | Авто из Китая под заказ,https://vk.com/club229176300?search_track_code=e3eb22ac1dwdhblTRdfgWWLRkm_AXd0XykOb3xmwAOQaZgzDeRa9bbppc9epBQsUGtOBeMlu3QT9VYzhDKEHzg1nPMFgEYpxqm9a2a8P8mN_uN4pkwiDR6MDzo5tvgnJFnERsw,32,
117,Автомобили из Японии Кореи Китая | Buycar.su,https://vk.com/club217409303?search_track_code=6ac5ee1fjl4vASaWYP-iWyR5pmqkD_b6rIXioXWst0U-CP-lFxbmrabYviD1VzIEXHu1fa089umbk_WfYL2wbykJz6cOEdGxtt6XLvNdtnI5EOos9FStrcrFt_MBor5oMh_i1Q,34,
118,VLT авто из Японии,https://vk.com/club228552610?search_track_code=0ce5a61flJ0UxPyx90FKi5Tnp34f3thFEfg7iLWlDzl121-fMlL8bp0dZAdi6drU7OW0aRbt2FYm7iy2oLQIE2Lab50rVctyjRtNCWTjZqKJjus4TIqCF3y9b9nBqwYUecxC7w,39,
119,"АвтоМир43| Заказ авто из Кореи, Китая, Японии",https://vk.com/club228392806?search_track_code=4ed1dc401g076QzAgx_ekd0bx-mzSOvokVo6dCAVvYvWVsBbg8a-_rIwlHYWt07OpRnU_rp76_umTC1KNQS6ocFX8FmawYnioja9eBC997jAcouv4By3tvwRbyNUG7Sm2kHdKw,140,
120,Алексей Экспресс Авто/Заказ авто из Китая!,https://vk.com/club228880155?search_track_code=58bf8b0dUSccab0za9Go8W6GOiQqlKu-s9nr1NRnDTT77fXzGwg58diiUY30BQj-FoQpMyOnq62Ez_zqwXYKHuzsxfECDw7tyKR4g_IP2ohz73ZiecD84dybu4CgaQQZ9_rogw,786,
121,АВТОПОДБОР AUTOSKAN | Заслуживает Доверия,https://vk.com/clubautoskan177?search_track_code=2109b0ben2yOOGEAe6Ea1wjySboGmWYuf-9a4CW_r8cCD5Spyb_33SnUq4SXc_GacPBarQ-qZj1I-U3eMK6o7RUOpKvQuMDBOdKCipF5A-0VmwX_UsQ8cBWlDbNRsabqDhiJ2Q,1464,
122,"Авто, мото и спец техника из Японии!!!",https://vk.com/club69784252?search_track_code=8f4793fbxTRED_gbWHbAxoBCbL6uLKLhfCauXa_ecR0NcFKY_PCtx83WYK3N3lCZ-EB_qacfovJLMLljus92NxpxYprl95rb3dBJo8vU4O-dKCD89nf1shFg-Tqw3GspD3A4,154,
123,Импорт авто из Китая,https://vk.com/club229102841?search_track_code=6c464bb7euhKmRufDsys5_lorStgQylqWDxz7lviNOO85lYuDLgSWe110RviHkeqgWq-PGlwKXlvKmTQTvMzyavnZiwVvyVF_XP4FeQUoN3kAeFtMxZ3PTV3Ir4v7D3OsPFLXg,22,
124,"Заказ авто из Японии, Кореи и Китая Japan Smile",https://vk.com/club229518487?search_track_code=dd64a7a24hL06I6KoAjn7IP0QKxeCs16sUSyOLdnsM9opj2L2XuKo1MERA5M2gyh-_ZTu1c5zWmGUqUGona35X-nDYnAfL2_QwJtAErQ6daenQzqDV-XLNYD727DabniZLEg-w,44,
125,Тачка на импорт | Авто из Китая и Кореи,https://vk.com/club231091483?search_track_code=b0771f458Q0THFIea6VJRBbq3dDugNsJMxgIKLuzKeaSE121bryZ29fXvqD0celLbujOx-ez2xoEDh8WrqIuzIUSbbd3u67Hx9GXrvJ7Jz0Lg5GWvN2EV11fVXrPvSDLngRAxQ,13,
126,"ДжинАвто. Авто из Японии, Китая и Кореи.",https://vk.com/club206455093?search_track_code=9116df123fbMpamVwjXbPddtNae9xkU2P-IyPFloHb__7CQyLqi1IAhuRStd4Xsyr28msLT1RSUI9CUCTHkalejtFDA3r4I8GGhsJVvrtkTKBHnh7JweZFWhbm4tZhSS8_s5Qg,94,
127,JPANRAZBOR174 запчасти из японии  Челябинск,https://vk.com/club68418500?search_track_code=77090771lk4MOXvWaPCsiabFBH9hzGjwstcgEFWnNSIogyllnaD-vYXg42D9WDzW3scXaGj_aOOFwTcuQLYyCD-CGWeEp8mhlebKbvtS4qC7r0g9OJQ2r9iUdXdKpS8WKoND,4562,
128,ЭГОИСТ АВТО ЗАКАЗ,https://vk.com/club227922548?search_track_code=c1f00d62YAG3j1x35eQru6EUEaeZANrIlnw4-TnCS7m62mimPdkI13NEsMl6MIu02RYCsJAz2tuhai_HLNNMk63bWKQk3j_LY0KZx3w6QMK8fV3hyluMnfs6aaBNzEKUts111g,3115,
129,Автомобили из Японии,https://vk.com/club210820042?search_track_code=f77aae23gYdBG52N94YKBu6uuuLz1I7p_rEMHUjZpBTh5kvVACjpdMjCBTtiLppZlqyp9frnjvrJpxsjXcijPvbne9cZL95o2MQsNWQkRy_zx_ako4jZvJHyXU4816057fFWpQ,580,
132,Авто из Японии под заказ,https://vk.com/club223214550?search_track_code=8c112fbav6KWOhhZIQz_SS0u5BEbzhiqag5YNoz4mejw09ZyXwzXUR_jgO-0pG8WVSz3BhL9GLldGE8ImemewufS5nBGC-BND-Wp4bKutGAwR6hXSJFF_AFICGf49pDF_MTLAg,45,
131,AUTOZP13 | Авто из Дубая (ОАЭ) | Китая,https://vk.com/club217768031?search_track_code=703b45f2WSXUA-44DMvP3QTR4AER5LiPmkS08ix2bz8TLArP4NYxlHPvJLzgGSSQfNPzFhjXuJytUqPMOWdoFQQtOs350QaIY-kNsuYTvOYZuKxHQb_g3v0H4qJYeGYSHzsXvw,2115,
130,"АвтоМир43| Заказ авто из Кореи, Китая, Японии",https://vk.com/club228392806?search_track_code=e1e33968MmFCpjn3T8H_QcDwgErR-1MNci1tVDuYTAOMT1-skbJat4Zt1UnQFV9OuPKTXdjIUx5FO3pqLolLKZtOb66ItW2rlmv8R9YflTjdmcwMgq8PUx9mOANPlkUugFhC3A,140,
133,Auto shop,https://vk.com/club227857202?search_track_code=ba5495fdgD0Y8mvj-iDAj35UPU3a0qNLUGLhGw5nnhZ0h3aiSuDojL8eoWcW8ivCBlYuWtPho1hndPYlG3aZPGOGRqBT59-QrxiIaRD4vLRjPXELiYn0GTgjtEh6aZc7eJBr0g,1020,
134,АВТО ИЗ ПАРАЛЛЕЛЬНОГО ИМПОРТА ЯПОНИИ,https://vk.com/club228811050?search_track_code=e78a1794j0AZ139dGd0tMxcmmMXH5xpBLZuOzuI9dIluTkTo7XPns5AO5-uMdb1sbySL0s7UGlIajZnw9yxzo3lPdOr0dNCvgAjO5Yp_bxoKT9SDlLNNF0PY3p-WM32kYllZmA,66,
135,Chinacar /Краснодар авто под заказ,https://vk.com/club231365019?search_track_code=56b5c077qZvt1FOyM-dX34p9qTJ2B8rV52XM-Z7aK0vXq8ZAWITBKko4mTbfNbyS8n-6JX80ysbQc9vHi8ssYcCq9kJBg_Y2Wj6wONk_B-SXFOV0JFqWhI0mmKHq1CJm27zbMA,900,
136,"Автомобили под заказ Япония,Китай и Корея Белово",https://vk.com/club232125168?search_track_code=70e70160vCJc-X06iTXN8BxJcGP507NYxxuj0LCz9Az3PNB1Vr7U0dUg5YwcnV2vZEtjdPDgs0vwDbTupaLzJuA94HdPuePNxSbMghqXl9kBIDwlq43tDa1Z8InEvf0h-yvNBQ,41,
137,NaiS17.avto Кызыл-Владивосток-Япония,https://vk.com/club228325571?search_track_code=086be48bD7Dg8WvHa8ldtPBdr1uwSTCpTaq2HWBdTRdkWZOfAB9nQ2ko83H-Yc3riF-8TLl6MLp6vKEjdUxKPXNYo50ZGFBfeS7af_hrD53tNOMd4x1s_Cfs5E0UU0Q6aE6O7w,295,
138,АВТОМОБИЛИ ИЗ КОРЕИ И КИТАЯ | ICar,https://vk.com/club_icar?search_track_code=9c49b734hjAzEIrs-eD7zIsdNPfFyY08kkFn0UKwfAvuQqpW8hzu5vfbZlJmNFvD8x8n4Mz6jS-lV3DvV6F7IflDmlTrG9n6591PXGA-v7WWdHixlpzXav4LM4M2vnUm4lW3Jg,150,
139,"Автомобили под заказ Япония,Китай и Корея Белово",https://vk.com/club232125168?search_track_code=f8be9beeLceXziGUd1ygh76Kh6bsPOKnlKqAeReU99Qms23d5QhFdjAi6xCbjkvKxoiUseUP4rSjvJdHAoXw_jGyXd_8D3JqICTCHp2E5Lyj48vgvmK88v7o0yBjmv75KqRwrQ,41,
140,JapanAutoQuest | Авто из Японии | Поиск авто,https://vk.com/club221226601?search_track_code=14496e5foajwLaiOFdXZOVVFz-2TzEhppzY77BX2qCmLxDkws6HJW3n0MDiAfUlmLUfc-pr_SHqQICzSAOevA5zFCTKqpv5HafIZNoZ3vBBILIOrwJEVPM5zbrxh-KEEh9MkQA,30,
141,SVCARS - Авто из Японии | Автомобили с аукционов,https://vk.com/club29855246?search_track_code=d0a141d1vhFGzlSug0O28rIhsdCfgSlrWNOfZdlYS0gYBbXXPQrW4s8XzBgW6yatyiOix5ayKXhvxYhbzElMYg8EhdUkDeH-3xHlFhDhyduvS_2Wx9VzOTWUzALGWlF8GgXf,3721,
142,"A.C.C.|Авто на заказ из Японии, Китая, Кореи",https://vk.com/club229879310?search_track_code=e40b4ed2J5HolDf_O-irBptij6VecgnPWBAHyNhnKCCA-SyFXF1PYmFNr0muQDtZ42CcsldBCdxvBhD2zXYvCpf4HIdFWnh-cUuGR6hK1y-GC8PjDSdenz5QU5msaSENjO4x9Q,70,
143,Заказ авто из Японии.,https://vk.com/club128757409?search_track_code=ea62ba2ao8CpXy-Robn-d9t2fBADTcK0ufZrvQMiF1Frbo3re0HLMyCGtyc0EW4oo3RvBwp-wqeO4HyDFjMQe3xvveliRvwvMICeKTIbhV7GHzBVUBma5tGxPuV3LB58Z3mQmw,78,
144,АВТОЗАПЧАСТИ ИЗ КОРЕИ,https://vk.com/club91235044?search_track_code=e5b0f72fjQprOtJdaHxFbaCWDKjx3mNwPl5WDh13J9pcLuzh7irl3K_xPuP3qOVi2JQfv_jtY2MJSEEwCGYg8Esv3OP3LdLAv_cX7fGiaxe9_EDloYA_IlEZB2kCdT3uXi6G,414,
145,"Пригон авто в ДНР из США, Кореи, Японии и Грузии",https://vk.com/club220732785?search_track_code=e92d7056JTM5tlA-IvniQSH6eZf4UB8W6ias8LNsov2INJo2Z4JN5f19vIC9LUJOWfhqgPFjHwXdMLvOpn2l1581qjR-hXr57XuVjrsnyTs8kzXRqwxHQodi8aTHYqvQhCOHRg,23,
146,"Автомобили с аукционов Японии, Кореи, Китая.",https://vk.com/club230632337?search_track_code=62e3a902XaIyPBao66JK9f2_aD--zIE28h3sbLwfcnpIg0D79U81E5XQ3CwHcKG4hb17KLf_gSXFC_tSqQ51UF-CcPnsSAIPhdb1IgF6ds7g1iR57JDYYp9dujrIEXtXRJRdiw,41,
147,Автомобили из Кореи и Китая,https://vk.com/club230275022?search_track_code=813d7511qoAOW1fodYP3i_GQyCPJOUqVWoCFQVQJ0yp-hwOrFgHCVsqQu1bqV1eEiZLbNMAKSoZtlpJ_QRjUAGmGM6kPBvVK2paSWOxd3vHs-YRlm2UXxTDD0hIgB9oHcpAe2w,37,
148,НОВЫЕ АВТО из Китая,https://vk.com/club230816770?search_track_code=f5d85066Q22rRaRYApZLk1JE86RaXRlYk649GUrrYrcWdnJ3pGIr3AypbtzuRKDeKkbgs1NuGUukuConX_plnQF3QnW9ZRzAHK9H0uhOcqhPLb_iCAFODvrqb0g-5WuaGmFvBw,69,
149,Авто под заказ из Китая в Челябинск/Екатеринбург,https://vk.com/clubauto196?search_track_code=c58d03f87fnmQIGPjxCMObo_xiyXsjeChB3ZvrkLoxPGWTwZAdKFSEGsSwtjwmd0wj3VO56BN5GzC86ArBqkOdFYDBsY1bJUUapiBWXItgKnVopqxOZo1O5bjO3NBao-yk4haQ,50,
150,"TKS.JT Авто из Японии, Китая, Кореи",https://vk.com/club230036345?search_track_code=8d40706dSm-KW-7IIRnuQu4zzK0SaOBYklI0hFdlCSc_q6c9e1ginAOCdn60sX4dljHfuhtb4EulRCO6QnQODSiqlz9iXxWAE4RfcLK76WjzWoDrQDS_DPsSZdAjawAKM7y6TQ,16,
151,Авто из Японии под заказ,https://vk.com/club228279470?search_track_code=7f35404auGshcBQOfCg1BsmZXsm3vPb7cYop53HX6LXa2mWtpe_QmKipjLjpgKVZsZtN3r6P9uhGnD7ZZMbvn83bVa-86OeEuK-ltu-KMyzU8BKP5OirqxfNe7YF2eGY1s143Q,349,
152,"Поставка авто из ОАЭ, Кореи, Китая, США и Европы",https://vk.com/club196365452?search_track_code=546e27d7VTdQT4ZU69pXTxcRdrbTbg9l0kWZctvrEofDRZhRUZ494ZSEaup0DvdAbxNlodpdD3blU45MzvoVrdREqFNImQr9hIJD5HIETTUKeDrzizRTNLgCySGv5Ruqz1KFIQ,832,
153,Авто из Японии и Южной Кореи под заказ,https://vk.com/club46561392?search_track_code=b892b948YX8T8Gz_DBDtKBH2uet4eK6tS5wakDGjPtOx8d84ac0JjJop9EmZuH13afSq_HFLrr58ig2uJLI5-abw7zpwyj6Qii_dR5-y9gIMnPWrLyH3-yfWTfcuoSTns_G1,47,
154,"Доставка авто из США, Китая, Кореи",https://vk.com/club227419068?search_track_code=1f7f8c38PYsTt3z19qumnWu3Ils1IiFqinQJtzJyq5cvFPm9VTlVXdd8kEtpfwaSE7UxTDwRIXm9Yh6JJ2OsvTgVyb9MPmJBx3q5RW91t-d23m4dZnl6POw3Wu5GfKK6IwPkzQ,544,
155,ИНТЕРНЕТ - МАГАЗИН ИЗ КОРЕИ АТОМИ.,https://vk.com/club202516089?search_track_code=24a09c8dMNs-8-CxIQOyPApJgVL74B1GWQskySbF8uyKTBOPPIFYDfo4DA--1xIzckuSRfLTHVVuHTP3M9T1xp1NI40lhm8R6j4lAbjdv0YXIM0Uqr5HEDBIeZFSy_vBhlsO_w,121,
156,"Авто запчасти Lexus rx300 , rx330 б/у из Японии",https://vk.com/club122447188?search_track_code=13b8cd9dOdUAFPtgZKzIKaDcaGn0zOyd4KmMcjva5kXNoGHb3otRJonNY9bxBFh22N57fv3_7I7Xv5tMLsvhb9qhUdnHjGY6mctK2PcO0gO9tSQsp5K3zojr0StP1O9owbd8qw,330,
157,Авто из Японии. В стоке и с аукциона.,https://vk.com/club37345609?search_track_code=70bf8f36tV_S4p2oEE2tu8bQxjIMmmoU6V27DDAA4raeuxbg0hXdrFs7BR6F5T3kvtLVJQWpagfeS6wyJRHlnIm6JuLLEuqwSz0sEIPvupHbuop1WsUxRoAe52svAviCnLt8,538,
158,Автомобили из Японии для тебя!,https://vk.com/club835838?search_track_code=9bf2a775ucj2w81wqQWKGokogzkPpyJFrNDqgDUUHoeWC3fM80LRO38aVcY8rRpF8SqQLgaUIlabxv2-IAUZrYEKR87qReYnbxx8yDqnmTCUTM91Xf51Ecul4oA1HBOq9A,55,
159,ЭГОИСТ АВТО ЗАКАЗ,https://vk.com/club227922548?search_track_code=9bccb305EneOuTtcdsnVPzdTKzOE3OLurppmqifrtvGknWdaR4d6xilV8diaGz5yT1E4JI3v4v2ZjHGUMvqx27OcV1hegE3aOVPY1pwR1wQqOmd114e0u8PcN_NT5b_cqIp6Kg,3115,
160,Ноускаты и авто из Китая под заказ,https://vk.com/club190930143?search_track_code=e01f8552Mok0nNH6VYuDXyHfF_r9O3ycPqcrGhjmT6LYF68BcHVaOJNwG365WWgSWd0E7fQIfI8JsTwkDfdIiM8WnwNpcm0kg3YycL9Tj2Q8tlu_pWcqyFHlekhs6EaP1ACycQ,144,
161,"CarTrade_RnD Авто из Японии, Кореи, Китая",https://vk.com/club230342156?search_track_code=91101302O85VNFwzX1e6SJ5tjHH_DCbp9noGh5sKbRXASZ-0YcBTPdztxIXK_yoX5m-fZvY_JvrBbBG5jhtqP9dIr7Z4x2QhzOvti8z1l2KDBMA3rVB6ups4VtDvBGQ4zF6CxA,137,
162,Авто запчасти из Японии,https://vk.com/club226338082?search_track_code=b1580f3bGMjDplABZHmIq-gduUnd6ihZXLUD7qCgyzKo4GKsgcFwO0p_yLfx0Rj0kB-qXtTZKEproxTQtbHMGL_hUq6YxkcnWnnhuffbpIH1dPUPjrB0DTv2Xr3UrsIfpPd_3A,20,
163,"Авто под заказ из Японии, Китая, Корея",https://vk.com/club229144863?search_track_code=068a012aw6Cgn9d1_jfR2d-A9LcYTkKTOTu-SOEcsxgcZQM1gl6rUylGT8Nrn0GGp4LnoBF9QoAOLal29A20MgtkMzebWZxPOUBmzW2V9vPC6bjxSxscwFJw7RqVEro1EHIeRQ,35,
164,Авто из Японии под заказ,https://vk.com/club224127567?search_track_code=6e8cad39DmWYFqxt9FGgp7vVAXSvrWr7AMM5mExh1uIcxmvawI1mlhHPNNth-TD4w9cSY6aeaug31S6mWXDRyAvHW9jZilGKAckd1Wfzho2mvE0y_PU0rmiFas44b9_PENF2qg,30,
165,Авто-продажа.Покупка авто под заказ.Пригон.,https://vk.com/club105598561?search_track_code=3cd3f929uwyzs1xWukTtwrsv_fsRc8dKosI0jdHT0A_RCkoEFF_T_zpqxOAv7H2dwy3u7BhAx1mV1COzxMLXJcYLegYNWOTjKmzt7inmz-imRrG-QCqdFMWEZ92l3dki3R1XdA,368,
166,"Автомобили из Японии, Кореи и Китая",https://vk.com/club229984193?search_track_code=8949e0d7hXTG6AcqwiP85cl4Es_leqy0es2Ki05nFuu7rjxU3arth08xn5xXi2y6sXoB2OxJrKdN2521W3YRwayvDFbErdqbXze2klGBx8_UEV6Jti_66xGP1tk6aR_Gt7khJA,36,
167,"""Армада-Центр"" (СПб) (Авто из Кореи, Китая, ...)",https://vk.com/club230652602?search_track_code=2647bb3e12-qmYMM87PPIYY05NcsyBE3cD_--9e1RDcFY74frk-_3g11SYgfYSRs_jb3wCX7ESRHKenFwqRDHRJijh23SIjCHXNghhlrsxmbXaiRfpRIZR16q6iju00aCXSjbw,27,
168,Доставка авто из Китая. Кореи. Японии,https://vk.com/club224955890?search_track_code=7775cf9aAL_aoGclJb2vNTSOn4cJkE09Cjzmry_pwtlhjE9dbzBoaR5ri5u6aQ86TIyMkACjTS49KvGROvjF83aNf192N191Dm2ilbxjzE8p59PBWsgbb2B3uv5b58v0bZtSLQ,12,
169,Авторазбор иномарок из Японии и Кореи,https://vk.com/club163617881?search_track_code=4961eb62BmSwHgFCdwIYk9aAKzebqb_h9_hygQvhDWoIEIfBVtFulznHmfTiqojMroI4IJKav_LA7mW_HvAKQB8Rt8NP1lmLKcGw-uSgL7nL6WdyzPbmt5-zL9F_7wRHBAeasQ,2661,
170,FL AUTO,https://vk.com/club229018327?search_track_code=f193198892y0uvjnv2bSBUjZuVnZRnIEUsuBgoOciz-xA6VTA7Sfnz1jYFEqzkJaMNuqTtB1chdl3Za8lo2MFaYClVEas6iDLWVJXyzE4S9VsPUfihMtUjWL1tT3koISvRS4Iw,1270,
171,Авто из Японии в Улан-Удэ,https://vk.com/club226313285?search_track_code=caf912e9_aW6MkJ8hyngB-oCmOM8kW9myNH4S_v3SL3jRS11pWiVVjPr2soSgXBYkgCL9DWib3X_x-917uZPl_REHXe8b6JKI-3zxBSL0i33a9Slb8szMKSQpR-P-UGQ71IwBQ,36,
172,Авто из Японии | GOJAPAN,https://vk.com/club219291504?search_track_code=60110ebdo6dMgtEXaXDPRRjwtb9WzJo1NBWmzXIGAUnWc_DiD2TLVMVbSaH82F8aYPKmqF__miYDA7HzZxcGY8FywOAWY_xI1V1gr_rS_28Fmfn5BpnHa1pT85gGCAhk2mTtkg,330,
173,Клуб Ниссан (NISSAN Club),https://vk.com/club_nissan_russia?search_track_code=7cab0eb3IGdvfoc_PXE83JD_YKsPTniFjufO_9Vl7IgNY86ncINIlOanH4mo2ayD6P1zvAZ9eJa58dnBwHTrohpi_qVphH-I9qE2h67Td_aNmyznWhsn1eWSxv_VbeGlbw,22217,
174,Оптом и в розницу поставка из Китая карго/выкуп,https://vk.com/club185521656?search_track_code=df8e2cf8K5xdInnHOn0bsS3zeNK1HPhxO2kqNCRw1EDMkd9GgelDLfrOs0PWr_D8VfFrxbwv-GIMfz0KMWHTatuQ70SY7nQx6siaTdClYIkwmjSX7EWiJFUsemNQft1twIbCNg,3253,
175,"""Армада-Центр"" (СПб) (Авто из Кореи, Китая, ...)",https://vk.com/club230652602?search_track_code=8d2fe41771Mp1axVZ9x4PEi1siBEaMDvFnLuAIJLMlDXrs8h_n2Hhe0eQOv4CNgzMLehN01bwPwhZPk-l1o1esCv_yPnerCZ_Rhp5f4CJkZV3P5mFjSZvXs3u1P2RTt927nSUQ,27,
176,Nova Trade/Авто из Кореи,https://vk.com/club227125674?search_track_code=2e4a4812j5goBaTvkpD7oE5Do7BUIhj8NAUUDOR0U9RjWQYdcIznTuzOSFENRFuvNkGwp10RGO8DEwMy8WVU_nRYNh9pi9BS_MhhXwtOqdpTKu_2B3lGqV5ARlmQelr5b04bbQ,11,
177,"Заказ авто из Китая,Японии,Кореи в Магнитогорске",https://vk.com/club229252050?search_track_code=4a938e47NOB8-LxvGWIPPisKeCL4bDsYOEcASMTGcHW3CGQH6JJcE_UhJNmMyp9hUwhrNfFfOwsPURd20dd3X6AJVAXxlWsP5ScN14rAShQ2YzRkqzlmSlUEUBmwyHlYux95dw,24,
178,Авто из японии под заказ,https://vk.com/club192609344?search_track_code=9a5a68b35Gldc0h5_zA4zbQqU7P5nEK6mF0aOV_3DPFpetyaJlCMmtSq0M9qmKiSzChApPCvQqmvSw0HSuYL23577Jg_V7uGxKz5wWySfOepQx_2ocIb7f4dS2wr-QXcZW3B6g,87,
179,"Автомобили из Японии, Южной Кореи и Китая",https://vk.com/club213484913?search_track_code=5cca53b7jZPEwgmzvgjGunRmcPTOBIfaE_TN5D4WN-mJ77CXrbXlYE0bkQUroFblDGRj48c3h8kk4traKwcww57ugJW0stJ8XR24Cy2qhJBpDzyynlvchXi-mbZKGD7Ehfit5w,51,
180,Автоподбор Авто из Японии  ИРКУТСК,https://vk.com/club120026616?search_track_code=d9d48ebe6MjD4mOQuKtgP926pm7UyhNwyMmVeTMwJijbEn7n8rWAO0o7-yYtA_Bgpbi1ed35E2P_34JHJiEhAswTTuXrsrcnWj3SKCsJPxXA0-orh5ZMJaGMwS5HPi8F1wVjlw,375,
181,DAMIR AVTOGID АВТО ИЗ КИТАЯ КОРЕИ КАЗАНЬ,https://vk.com/club226782148?search_track_code=7ef58aa4YHAqxo9gBipdUxtLbsLZOXi324I6B0L9r-MqD2g9eVEIwY0qReTq-LYeY0l91dAKeKTslC05V-yoyT0OWD9gVj_dnSxs6uzyD2sGIiKEimMg6LbAa14286bOJhh1TQ,28,
182,"АвтоМир43| Заказ авто из Кореи, Китая, Японии",https://vk.com/club228392806?search_track_code=efa7daa0xILsk_-MemgstolWOshbJvFO5w-qLYcH6aBKEOGDhb2sM0t_NQiWusf78VQp31IV8V3QGb0Tkhbuil0R0YGcupsvW3kcBpCwcY6UP3aOCHKtEIpE_3rzCeCNRgf88w,140,
183,"Поставка авто из ОАЭ, Кореи, Китая, США и Европы",https://vk.com/club196365452?search_track_code=239c6044pIpQ3mhufIRnWYv1qMbZHWk7zeQU5EO-Npd7npnGgHTMO_cyouqQVowU8_e70dAuaSj68gPaVq8xvWyfqcSZc_sn5zSL5JZcIWGWnOSDgUc1aqejRLc3sD-6d4mEtg,832,
184,Авто из Японии,https://vk.com/club227511979?search_track_code=f3413b73YeeBCwxVsQytsJE1JhdZDGWqto9mek-dkCeAakViDlgJFAjSlOMkpD3v6Tc1AFA_ZbmBmXFEWoyXDZdrdWAXXz4IGNS97SKu_ZqMXGpRClc__NjFNCI7k5kKjH1YEg,28,
185,J AUTO,https://vk.com/club229604743?search_track_code=b898a0a52lYpsOAGxMPnO6YyNURmGXWUdFdD3jPlMtQFWU939_OypaBpeLBRa3dk3jAmU28qdYdDQVTgJvQ1_hJYf3Xu9IW5sG9RvldhjBG7W3kCNUwswx8TEoxH6zv5CU5SBw,23,
186,Авто из Японии I Киров,https://vk.com/club220937947?search_track_code=7215f42dCzlJYxnLrrdK5Re-Pk0oZK5Ow7PWSVkxIxGFxqGxiHVjysC6gX07H9q6b7wtWiFXrl30pcF3TCAkO5LHkbORclTW0Lyocz0VLc8K13ILezj4Gqv5hx8tPyo8idG8wQ,19,
187,Japan Tver. Авто с аукционов Японии.,https://vk.com/club226100816?search_track_code=f7b9f8a81hCoSQdQxa2k6CS1qnFN9X1qEra79G6RDdv6xOo7PrS-4yGQn-ZQBTS3XLe5ZkTGfXkloKzKe4AK8e3F2jkns4n_MZa26FYPwsI53OY3Hq8jPX3976ManwT29tP3Sw,201,
188,SwedZap VOLVO запчасти из Японии p3 платформа,https://vk.com/club222963334?search_track_code=401b73e28ixvZrXnjwp5dXm3CGe3imopvIn9u9OCnWcxsxkfUQua3-a_LVEaoukqAbUbcL65ajqLn-qFxpOaTSayKR1IDK3D9rkEXxyoHV9k3kQh5NQ8eNDJq-6njJRKPaQEbw,387,
189,Sanrise Auto Авто из Японии в Новосибирске,https://vk.com/club225277599?search_track_code=d2ff714bVLHZWB51tf81EGRo0RYFcX5TA2t7QFsLBM-AAbtmLP08QlCBhsMgV6VPHGrCAQxCfkA0fWx-ThoD5ZcAi2Q1-gteQIevzSZdVTp5AZ1QVigjA2stJxgvBQ3ijBamFg,12,
190,АВТО ИЗ КИТАЯ ДЛЯ СНГ-РФ,https://vk.com/club221483628?search_track_code=0474df10neEPo6cCUTLcgFAh_caLzuU6yGnBtLHdTi7_o-5gLhX1UKhPbYa94DfNKCPu0YL95Sn_f9aKpMxJBOii3mI3EsJMuElEiLvq67hNSLGA2JO-ZaQslu3F00cD87TzEA,33,
191,Авто из Японии и Южной Кореи под заказ,https://vk.com/club46561392?search_track_code=c7f30697o3AUOTn4Zy9YFCUsi6sJWl0prjfOHc-zmsYJ_LAeAG_LptDy1Ub4-_gbXS6YvABpXTqZIdkj2qKd7B79gBwZaPy6wPT8SP7xFG44RsfrXgMEf8J9mXrQsYDyC_za,47,
192,Auto shop,https://vk.com/club227857202?search_track_code=2e247bee4hmg0torWskBhIlTQq_9MLTqHbJSvDzU5U6L0xUf0kiKz2QZNpXFHaGL8VFRuPQDtPkqpEWCKcXiZJzSJR3LT73TdB8fm8MXS_6UOg7prmvjuHXzB-9I2uxjh8QIbw,1020,
193,Автомобиль из Кореи под Ключ,https://vk.com/club208906780?search_track_code=1554693aS-GmpatRhzTlG2JUTydbjLICLaEe3PXVsNmg-TeRzcMjN2JuR-8Y4EUUGlZcMFK_shEatwni4MS387f4B5PUxBQrcmhu4R7qoGF_PQNhCtjkVUTlQ42B27n0rO4q4Q,2151,
194,АВТО ИЗ КОРЕИ ПОД ЗАКАЗ,https://vk.com/club226971011?search_track_code=e9deacdcnoUb34J7VR0DHbWl_WZ6MMEiCs8wKLx5RFWaJqKCqv72U98UbsXKyaMSzafucXMDwTE92ScWqWhDf40nkoCz-cFPzxJHy8zDR2eozLEgKWqXcmSMZHjId014ljG_8g,40,
195,"Авто Корея,Китай,Япония",https://vk.com/club231272468?search_track_code=ea106fe77O9sdFDikCqA1DnoHkHn8V-FtPLx7Cl3Q32eJjhcOhaEOai_vFwP_iDbQeoNVu7CX5aD5ObSPGZEV4knCF4jEbMluLmVUgn0vq8kgVIHtawC1dm1orVdeUpQkjElLA,76,
196,Авто из Кореи Китая США ОАЭ,https://vk.com/club227663005?search_track_code=363cf30ariE5H0NtHLy-iy6rR8_gmNWfRO547YZYjMtV7-4OoILG9_3Ur9ODaB6EVqlU2Omr1Yxz-G_Tk0mL4ULu3gy5hfHr7dKG3YVij_AzwguJs8OMziitLbnyVoXmWfjzfg,38,
197,RR Holding Автомобили из Южной Кореи,https://vk.com/club228442953?search_track_code=9e5a88ce3fGgLGG19SkRiXDSd9lLxMiz0hlAMr6nnMQfx0rStba1J2TnjQtq_bGGCNBkzkL3yKDlD1cMq7ab7gjGetCssYI7dOGkBWz3P_JtuzufGJCT4L9TEGDKqZXpE9BXog,12,
198,DAMIR AVTOGID АВТО ИЗ КИТАЯ КОРЕИ КАЗАНЬ,https://vk.com/club226782148?search_track_code=d2e41731amSOb-F6LbQL_SJEhaLjuAf6bUBtwbS1IkVkSFIXvXICskqkDcSyYKvyWkaWteqLB-laVnr_oaQlb3NJYhWkdTWuWqIkyrRqIYY_LcnksOJfpQACPJjAuytoaF9PZw,28,
199,"Мото,авто из США ,Японии в Славянске-на-кубани.",https://vk.com/club219843664?search_track_code=1cf0da4bslx9CWDJqSRhbRLtNp955wXtx7d_UXEqlA8uFRh4GTDar_TQ-H88jPEyau8liHDUBf7woWhvZDuTJTkUKHoAN-2z5NbRcTqGFUcPhHrZKbJSvqvyLAQFJJ0iIgIFCA,11,
200,*Chevrolet Cruze-супер автомобиль из Японии! *,https://vk.com/club12756217?search_track_code=cfd165d2-7abKb_wNNokr1nk13VzDZmTcRfxaBMQIQMrQi19gzSTRRLwJ0ahcrTwIebEYno-mYBGAeZWBgEmKTxDHX-aM6RZAvYOSKd4VIVEjpswIFbDwhxVow8MEjs3KUJH,36,
201,Автомобили из Китая,https://vk.com/club_avtocar?search_track_code=4505f7812rUmOMAlQtuKQjeV2IwhncKKFx-NMwAUK_xjQTFMcySyBIHUCqGuCWEPT5fLmyiuwpkgCZoNFQUs1nRAAU5qI4UYkdIjr6gDrnoq_JTKcsaa1H1Z2WZ0GiLRb1YsPA,50,
202,"Заказ авто из Китая,Японии,Кореи в Магнитогорске",https://vk.com/club229252050?search_track_code=ee53454dOph641NPlH88pXFiI9Q5wLqJkbRzKnwsz_G_KZLLXtdSTr4ov_ELq5yqCWAwwzDzupqmomQUaT3I26gooslH0GVSri6W_w2hJ95sC2-SapXn2_z3I3sIIsbcsz6Puw,24,
203,Артём Зотов | авто из Южной Кореи и ОАЭ,https://vk.com/club227215341?search_track_code=dd27fac1i7RU6absgjC18QxsuoTRHRRkyawVIeItPDl12FCQjR_jYpAiSlId5BX-dG6pk9guFHf-ugIf9zw7E2LZYJKUGNR-gCRjXBvurIoRBfbCgkZJMqPsRHGWIzUUec9N4A,123,
204,Заказ авто из Японии и доставка по России,https://vk.com/club229259508?search_track_code=635e8785UL2w02UNddbi81uC1U1eNOepkcCnr6EoBIMel2SPSRE4TjkK_bvgfnKsI4DGWlcH57qm1rCRtDkDqQmWVI1QFg9SKQzUteZ06thG65kLDWG6-_eG8vbVJg2uEoB5_w,20,
205,Автомобили из Японии на заказ,https://vk.com/club23112487?search_track_code=ac1f4eafJZeShvYtAmCiIF6uXSDM_aQyADtOD7_KTVvmjjYuUk5NZBtfbpuXyDJ_JqxON8XOpCE3LVkxqttKcfGPBixLSXp4C1lHlZHCvQtDxBFmnqD6Z2twHGigyFdv5I5c,31,
206,Авто из Китая,https://vk.com/club217721144?search_track_code=071d10f33IsQgUY15wDkzszsIRuB1u1KotMyX6YmLqypYhfLwDe0OrdtjLEL0g-DtO4yDIjl7VmVxSVhszcphr5jJ8nZMIMmp2ulvw3YzvbRhW1d0Y21H8yRYwrSKCeBpXUKuw,17,
207,Автомобили из Китая,https://vk.com/club228262985?search_track_code=563bf429zyrpbLvH7sct3ufklyV0KKM_FkiPpSMCmSCYxHNbq_enm06AcUMCFcaTn-aEMn0boywhXpibNhOeCo_FQ1my8JCHXoZYTQQfOub6jdtjJ3z-bnsC0vFXDJANlNNuKw,15,
208,"Автомобили из Китая, Кореи, Японии, ОАЭ",https://vk.com/club230714304?search_track_code=af70a8230EgvUEPv6Tmx_e3MGUZsnnLC6yaaKgQXG83wzpcXV0-4-Yi8iWsF61qwlc4KUWWtctHcMI0UEQYc5-fPpxVOSI_lmLqgZQPhoMXwpVUAPsIqlIBmz39wGRLg_NmKZw,11,
209,Доставка грузов из Китая,https://vk.com/club200963115?search_track_code=9c1e66aaXgPoHclwlIwNLarWejQZ373b1UEAc9aUgpgDEZ-bhOQ2sk_xA_R4XuZg0tRpIxDsvcjiVxdNw4WFshQQr5md4wGuX_cq-n5UHxW3vzZySIPrirkDVCeimou1DwaC6w,392,
210,АВТО ИЗ КИТАЙ,https://vk.com/club228044749?search_track_code=ca454137pReEYnrJEmwddrUP8yDTov_PMrec3AmT6CiIAXb_xA7NpiOOsE3-vvY7zQ3gN9qR_9wFoYviHILvAp8ARv3dCfq6M4iZQ_i0Dk6oZr9mgPagnFnzzYR9neEFhBZrjw,13,
211,Авто из Кореи Китая США ОАЭ,https://vk.com/club227663005?search_track_code=fce9d1c46kpiTJo3IUV2KLcbANC5MjKpX0CBLIWx_0c3JyqvEy6C-8WgULPNl51lzxkTx7ABMrpoVpYSkKD4bSAmGq0KKbXn1aZ5vcudbxCqckyW6mlr-DMD1Hjxv_ZqOzA33w,38,
212,"Автомобили с аукциона Японии, Кореи, Китая",https://vk.com/club215729091?search_track_code=a2e13100gwRTpctCvXGMpb57_s3aXqIP82xbOLP4ng9JASRA3Mrr0pduJ_wipSyqxnnt2tNtohzEekwGpumZJV4AFELFzdzOh2gO8iSvid6jErKLigf6WpUvB2jH9pciRRY5MA,89,
213,Подбор автомобиля. Авто из Кореи. Авто из Японии,https://vk.com/club217491678?search_track_code=b0900714H7kuRRj8sp7SeLQdNKflY-TtAXD7zmh8bnwHi-FtxRV3SqecgEonNkInzB8nsOxQ5P42ZuzwfW1pVhCK0W_cEkBWt5qpRCE8xFOpdHjhtTi_s281qZcccmdRC5z8HQ,88,
214,АВТО ИЗ ЯПОНИИ,https://vk.com/club58801697?search_track_code=43d4fa39DM_LB4su41Kt2-F7xTbQK0qj0qN68vrQkQGNfLF3HMlkPELeE5h2-j2EmXnWIdkYSrDltW3M78GWK5p9gXUFzlMgUtg6lnDwufD8EYl3iX8V9bvpKJXl0os1j3zb,135,
215,Авторынок-Тачки-Машины-Продажа,https://vk.com/club221866393?search_track_code=1eeb5d2c8YpjcMWGwOa5RnXiukBOxFAaMhoMaPbXEtdp6VL_E6WZeeqpXTBVTikZDeCpV0f3UAkFDBtW48YV_X7oYv0Koq5l-q90PlNEn21oi_YGHZkHS1taUDqC2Rv6Zf5Pjw,36534,
216,Авто из Китая.,https://vk.com/club189991105?search_track_code=c5b0d2dcbQTl1rXl5ukN2KnVh0qnCBDkv9ZOD5utT7j4Yx_CH_kFtUI6f2EKO-aV0deUXa47EPeIwFkxjrxIku9iL8AG_jKpUjxWbwwxD-C0vMsP_l1GutGUG1vvo0aV9HQCsg,110,
217,Авто из Китая под Ключ. Блог,https://vk.com/club221057336?search_track_code=213b640c6AO8ptX44SjEY4nINSfA98NlP7ahzPk69pyECTSzwpOAshtKH3wN-i8u8comMMnEw3YIoLby7CvxtpMIBLHblLeuC0w2cgvwyFuUoXlhk6qcN1f295uNNP-xiB4pww,18,
218,"Автомобили из Кореи , Японии, Китая",https://vk.com/club_avto_motors?search_track_code=da8017e0Af96r1wc69jCXu03AWHTv3-H4GRbJRHQLYAhlYogb5lpKb5ksKJ0DGJRlTUSdtqMf5TXckwbBMEqqjaUuiJ2nl41rmKZrHIGuSXwXk0ngeIm04wvDXFl3iStLYKXUA,32,
219,Авто из Кореи,https://vk.com/club220802294?search_track_code=d7d073d6q_EjOCojBbA6zcrQmj2u-kGV4IaH1b2YgYMEfzzXMALDJ-fzxp2aZJrCstKJKqfJQYbXkJDrqImGqRN-DNUpBfQ79_Xvk5xuQLbXudZ7_aYWwo3H24DJloiuCGghpw,12,
220,Автомобили под заказ из Кореи Японии Китая и США,https://vk.com/club224464397?search_track_code=a9e0daa0K_gvpdiJm3d9Pbq-ixb5_ZO4xebACE_afJ-Ie4tET1RDLutuNDcEo90ywryYAfDOk6vy8Nc2Wst7tZ96u0ZWU3Qy-2gdOQKpCEan18dQqqXI6a6mnF471HWyhGyWNA,839,
221,HYUNDAI STAREX И ДРУГИЕ АВТО ИЗ КОРЕИ!!!!,https://vk.com/club39242431?search_track_code=dd02070ahSlylyKvoXk5oRpZWp6PGAlF35-A8mMWgmFimeMfE0rt_7ZczhE-rZmuYltJiYYrCVboiZfMdgeFS3WY0x0KTdrjplrnHzinTdoHMxbZ10ZSELTf1JV8FJhVYJmJ,438,
222,Авто из Кореи  под ключ для России,https://vk.com/club227216211?search_track_code=9ba1d39aMgcqgeBI186by6iaYkHplLjh5d8OYCxofMU17eveAZZa0e5KDPZIGjvE0JhxVuCnuPLSyRleOXl77yLs29wYkW3N_kwl-E4Q6bC18y4Hus_lt4yeWjBYZnXoOfr2rg,12,
223,"TKS.JT Авто из Японии, Китая, Кореи",https://vk.com/club230036345?search_track_code=b4db0c9aDvT1DBIiHdCdKnLLP9Jb1fauWTw3nZ-5knNyM3ZN-SRmIjHH_pyCBD0lCsksxVLm9r1uKiCjiqiVWWUyRk_gI1E-IcHXkoQO8lFvonOUCYmp-jB8Zsnrt5tefiRrPQ,16,
224,АВТО ИЗ ЯПОНИИ!!! НА ЗАКАЗ!! БЕЗ ПРОБЕГА по РФ!!,https://vk.com/club133655806?search_track_code=c756603enO-ISNA_GBw7rE9nyCKpw4ZnMNZGuGP72lMdyKTitS_0HAGRSImNtKvzN2XbNaDwhnQHwFGGdurdeQrJlOCsKMMAEZdhh4u-BodSDoRn-5zfNVqdE-8X9dN-Ed-5kg,59,
225,JapanBestCars - г. Павлово. АВТО ПРОДАЖА,https://vk.com/club214429002?search_track_code=d4075fc9NVv5LKyQ70a0nnAYZerRfANqKxjorhpVH6PBeIaCakZdqHD1NCZ67iTBCBp2_dhPA3kcDv-QD0QYidZ5toBzQWq0YPMdKHzkj7VtcSmsgSRYP01bvf1uWxaOzW-b8g,441,
226,"YardAvtoDv-Автомобили из Японии, Китая, Кореи.",https://vk.com/club229141850?search_track_code=d809d9a0AULRpd2qcsHCRtOtWxVHHwPCC3hLl_rTkqWlOEC6gVxpsVh8RRznaVIZq69IAk4sA9E8blyp78KVj7I5cLiYW16tSHpsEuFj8G3OxBdTFEpdkWUzG8aO3ZuIqS9dyg,74,
227,AUTO-LAND|ПРИГОН АВТО ИЗ КИТАЯ|АВТОПОДБОР,https://vk.com/club220023445?search_track_code=03d3b73a7YEsDCoCtIDMaRBi4-aPKL4lfupDV8RDvvsf8cjXk1yFMIvg4IZYUickaGDw8YYbvjZJ_FRp0VK50Qjw-NWKW7Ism-bJiF5YtFANC6-g3HThcBKtEgOwTbfWE-bVpw,59,
228,АВТО ИЗ ЯПОНИИ | КИТАЯ | КОРЕИ YOUR CAR,https://vk.com/club225082309?search_track_code=52726140sPgBQWMOS0QjCOj-OT-fnGfiyH8xfjq4g93C217dBS3YC4iY-7je7LNXkPwqKJavZ_H_aSZAL6mE99Xabt8cKu8XmJ7SttjmaCP1l3V5zMU4vaU_ZCZOtorwzsxDrQ,22,
229,Заказ автомобилей из Японии с доставкой,https://vk.com/club176590347?search_track_code=07591078-ha_HRZY805F9o1wyz_NTYFKLtz0vf14wf_QWOYtL3uS5TbEju5m5tWp9XLYKMR-gVkZyuOD6GnG1cdZ1i82fKX5JsKn4GDsA92QGYd6mxfbFEGcpeuJdsjS3E_7XQ,658,
230,"Заказ авто из Китая,Японии,Кореи в Магнитогорске",https://vk.com/club229252050?search_track_code=35cffa7aPaXD_uJgrS8DOwL4aL71Z6sN9Kn1od9C5YsBaXR2u35VFGQSKORB_eh2evp7qfxUqx7Dv-KfylPioRZoRHSieWIIdBQB6kf3awIfkST4pjL2X5nqpfCrTOymDX5pBg,24,
231,"TKS.JT Авто из Японии, Китая, Кореи",https://vk.com/club230036345?search_track_code=a49e377f38CRPKbCTaajz-UZuPLxIKebkBy2_-cY7kvkCtttbfe3cTbQbEahdEiCnRur5fgTp4inCqHB8gnpYfML62908IBtJtZFSKd-5fb4cPS0o3z4z_lc56uTFudm6B3GHQ,16,
232,Автомобили под заказ из Китая и Японии,https://vk.com/club227290635?search_track_code=794e98e6kC8-CAgMpl1yWOAkz49YwnwagcK4xnnNC5AdUuZgmWX4npnkwohKj5kVmCbcmFHxfAm21K_4bNwMugpT1mKAYs-CieLrhkyFT2H9TYPJC5khRO6H7pINwwK9EUX7EA,22,
233,Авто-Республика прямые поставки техники из Китая,https://vk.com/club30842242?search_track_code=15134a37Vl_QanOZ_69f-WRbfqOgruGhVGMFNLEUvgI5z1ffNAw-7neGuR0TfbS0HFlttKmd4bJjdRIKpAW5KC7OZ90tCwnyZ4CQExV3f8B5MTLk8fq69DkkUlOuFqQ2O889,287,
234,AUTOHYPE - ПРИГОН АВТО ИЗ КОРЕИ И КИТАЯ,https://vk.com/club231039283?search_track_code=3d82dd26usoU9GE06ySeEh0p7X4uMiHoMzjUvsZvEkD-8nebs9HSXLJPqrpg-iN_ZSv-aScBIfsELsOA034VaunzR5mq1uVAokmDtGbwBQwKZ745fm59tl5zgtnZbQh0_PId,2751,Создать пост
235,Авто из Китая и Ю.Кореи,https://vk.com/club229660082?search_track_code=52a1d935ceh8T5hxFwjE6lsAUyv9_l9_Rnifz4UNcH8psdHUyb0Zftr0U_-c1nmHIwJAPPTNX2xxbojxkBx3VT6w4dbQui5iyvJ68ZrcBfRMTgBtpaQGKCkzyKiaD2pLK7G7,29,Создать пост
236,Авто из Южной Кореи,https://vk.com/club226494936?search_track_code=5b24d41d1XXIDRMPS1NA8mgoGPEJVJ3S18X5XDQ0e0IRkXcpm4a942622IHAjf2fECoL5gBnncHg0-5iISV8aAaQRyuCgYr_frDxj8aHZ-11QVS3Wg7GjLyPrwtAOnJvHYZqWQ,586,Предложить пост
237,Авто из Японии Кореи Китая в Туле под ЗАКАЗ,https://vk.com/club208512229?search_track_code=7adb788e84MIWq6YDfAiFGTaFeKFwnrVgNMJrVJvtQCqiZv1Wc-bFa7hZRaGLp95HNgG9Yzxesa3xR6TR36yKr2Iq_dAyKwJvudMGIAkEAt5s1mk1JYgg-2SXvUmYbwtpp6GhQ,2960,
238,"AUTOPRIME RT - Авто из Южной Кореи, Японии,Китая",https://vk.com/clubautopraim?search_track_code=e42ffdccC65I1yHgD6sfyY0bXXP6Sse045CPvJphPGKiqoit131jOO5s6m6EdaKk9RlOZPN5x6fUhpiCj3A7SLWruK_OelQk_mrDYIJ_LtaQchE1qR6Y5Y7R0unubzVPrr2V3Q,2346,Создать пост
